text,text,label,target
"<s><|user|>Reduce Narrative (sentiment, pacing, plotting): Sara's heart raced as she arrived at the airport, scanning the bustling crowd for a familiar face. Just as worry began to gnaw at her, she felt a tap on her shoulder. Turning around, tears welled up as she saw her best friend standing there, a wide smile breaking across her face.</s>","<|assistant|>Reduced Narrative: Neutral, Fast, Conflict Resolving</s>","<|assistant|>Reduced Narrative: Neutral, Fast, Conflict Resolving</s>","<|assistant|>Reduced Narrative: Neutral, Fast, Conflict Resolving</s>"
"<s><|user|>Reduce Narrative (sentiment, pacing, plotting): As the storm clouds gathered overhead, tensions heightened among the group. Sarah's gaze darted between her companions, noting the frowns and the clenched fists. Thunder rumbled ominously in the distance, mirroring the turbulent emotions swirling within the small circle.</s>","<|assistant|>Reduced Narrative: Negative, Fast, Conflict Rising</s>","<|assistant|>Reduced Narrative: Negative, Fast, Conflict Rising</s>","<|assistant|>Reduced Narrative: Negative, Fast, Conflict Rising</s>"
"<s><|user|>Reduce Narrative (sentiment, pacing, plotting): The crisp autumn air brushed against her cheeks as Emma hurried down the narrow cobblestone path. She clutched a letter in her hand, the words scrawled by her estranged father haunting her thoughts. With each step, her heart raced faster, uncertainty mingling with a flicker of hope in her chest. Emma knew that confronting her past could either shatter her fragile world or offer a chance at healing, but the only way forward was through these hidden cobblestone streets leading to her father's door.</s>","<|assistant|>Reduced Narrative: Neutral, Fast, Conflict Rising</s>","<|assistant|>Reduced Narrative: Neutral, Fast, Conflict Rising</s>","<|assistant|>Reduced Narrative: Neutral, Fast, Conflict Rising</s>"
"<s><|user|>Reduce Narrative (sentiment, pacing, plotting): The wind howled through the dark forest, sending shivers down Lucy's spine as she tried to find her way back to the campsite. Every step seemed to lead her deeper into the maze of trees, branches clawing at her clothes. Panic gripped her heart as she realized she was lost, with the sun dipping below the horizon.</s>","<|assistant|>Reduced Narrative: Negative, Moderate, Conflict Rising</s>","<|assistant|>Reduced Narrative: Negative, Moderate, Conflict Rising</s>","<|assistant|>Reduced Narrative: Negative, Moderate, Conflict Rising</s>"
"<s><|user|>Reduce Narrative (sentiment, pacing, plotting): Sarah felt a pang of unease as she entered the dimly lit hallway of the old mansion. The floorboards creaked under her weight, each sound amplifying the ominous atmosphere surrounding her. With her heart pounding, she slowly made her way towards the room at the end of the hallway, where strange whispers seemed to emerge.</s>","<|assistant|>Reduced Narrative: Negative, Moderate, Conflict Rising</s>","<|assistant|>Reduced Narrative: Negative, Moderate, Conflict Rising</s>","<|assistant|>Reduced Narrative: Negative, Moderate, Conflict Rising</s>"
"<s><|user|>Reduce Narrative (sentiment, pacing, plotting): The sound of thunder rumbled in the distance as Sarah hurried through the dark, rain-soaked streets. She clutched the pendant hanging around her neck, the only clue to her mysterious past. Just when she thought she had lost her pursuers, a shadowy figure emerged from the alley, blocking her path. It was him - the man who had been hunting her for months. With a steely determination in her eyes, Sarah knew that this confrontation would decide her fate once and for all.</s>","<|assistant|>Reduced Narrative: Negative, Fast, Conflict Resolving</s>","<|assistant|>Reduced Narrative: Negative, Fast, Conflict Resolving</s>","<|assistant|>Reduced Narrative: Negative, Fast, Conflict Resolving</s>"
"<s><|user|>Reduce Narrative (sentiment, pacing, plotting): Sarah's heart raced as she finally mustered the courage to confront her long-lost sister, who had disappeared without a word years ago. With tears welling up in her eyes, she stood face to face with the person she had been longing to find. In that moment, words seemed insufficient, so Sarah simply wrapped her arms around her sister, feeling the warmth of their reunion washing away years of pain and separation.</s>","<|assistant|>Reduced Narrative: Positive, Fast, Conflict Resolving</s>","<|assistant|>Reduced Narrative: Positive, Fast, Conflict Resolving</s>","<|assistant|>Reduced Narrative: Positive, Fast, Conflict Resolving</s>"
"<s><|user|>Reduce Narrative (sentiment, pacing, plotting): The rain poured relentlessly, a steady drumming on the roof that matched the turmoil inside. Sarah sat by the window, tracing the droplets with her fingers, lost in thoughts too heavy to carry alone. Her relationship with her sister had hit a breaking point, words spoken that couldn't be unsaid. The storm outside mirrored the one in her heart.</s>","<|assistant|>Reduced Narrative: Negative, Slow, Conflict Resolving</s>","<|assistant|>Reduced Narrative: Negative, Slow, Conflict Resolving</s>","<|assistant|>Reduced Narrative: Negative, Slow, Conflict Resolving</s>"
"<s><|user|>Reduce Narrative (sentiment, pacing, plotting): As the storm clouds gathered in the distance, Sarah felt a sense of foreboding wash over her. She knew that her confrontation with her long-lost sister was inevitable, and the tension between them crackled like static electricity in the air.</s>","<|assistant|>Reduced Narrative: Negative, Moderate, Conflict Rising</s>","<|assistant|>Reduced Narrative: Negative, Moderate, Conflict Rising</s>","<|assistant|>Reduced Narrative: Negative, Moderate, Conflict Rising</s>"
"<s><|user|>Reduce Narrative (sentiment, pacing, plotting): The thunderous sound of hooves echoed through the forest as the two rival clans approached each other with tension thick in the air. Anger simmered in their eyes, fueled by years of unresolved disputes and pride that refused to yield.</s>","<|assistant|>Reduced Narrative: Negative, Fast, Conflict Rising</s>","<|assistant|>Reduced Narrative: Negative, Fast, Conflict Rising</s>","<|assistant|>Reduced Narrative: Negative, Fast, Conflict Rising</s>"
"<s><|user|>Reduce Narrative (sentiment, pacing, plotting): Sarah stood at the edge of the cliff, her eyes fixed on the turbulent waves crashing against the rocks below. The salty breeze tousled her hair as she grappled with a decision that could change everything. Far in the distance, a storm was brewing, dark clouds swirling ominously in the sky, mirroring the turmoil within her heart.</s>","<|assistant|>Reduced Narrative: Neutral, Slow, Conflict Rising</s>","<|assistant|>Reduced Narrative: Neutral, Slow, Conflict Rising</s>","<|assistant|>Reduced Narrative: Neutral, Slow, Conflict Rising</s>"
"<s><|user|>Reduce Narrative (sentiment, pacing, plotting): Sarah's heart pounded in her chest as she read the letter in her hands. The neatly written words carried a weight she couldn't ignore. It was the ultimatum she had been dreading, the threat to everything she held dear. She knew a decision loomed, one that would change the course of her life forever.</s>","<|assistant|>Reduced Narrative: Negative, Moderate, Conflict Rising</s>","<|assistant|>Reduced Narrative: Negative, Moderate, Conflict Rising</s>","<|assistant|>Reduced Narrative: Negative, Moderate, Conflict Rising</s>"
"<s><|user|>Reduce Narrative (sentiment, pacing, plotting): The sun dipped below the horizon, casting a warm orange glow over the peaceful village. People gathered in the town square, setting up tables filled with delicious food and colorful decorations. Laughter filled the air as families and friends came together to celebrate the end of a long-standing feud between two rival families. The elders of both clans stood side by side, shaking hands and exchanging heartfelt apologies, marking the beginning of a new era of unity and harmony.</s>","<|assistant|>Reduced Narrative: Positive, Fast, Conflict Resolving</s>","<|assistant|>Reduced Narrative: Positive, Fast, Conflict Resolving</s>","<|assistant|>Reduced Narrative: Positive, Fast, Conflict Resolving</s>"
"<s><|user|>Reduce Narrative (sentiment, pacing, plotting): Sarah stood in front of the old mansion, her heart heavy with regret. The place she once called home now stood as a reminder of broken promises and shattered dreams. As she turned to walk away, a figure emerged from the shadows ï¿½ her estranged mother. Decades of silence hung between them like a suffocating fog, but in that moment, Sarah saw the pain in her mother's eyes. Without a word spoken, they embraced, letting go of the bitterness that had kept them apart for so long.</s>","<|assistant|>Reduced Narrative: Negative, Moderate, Conflict Resolving</s>","<|assistant|>Reduced Narrative: Negative, Moderate, Conflict Resolving</s>","<|assistant|>Reduced Narrative: Negative, Moderate, Conflict Resolving</s>"
"<s><|user|>Reduce Narrative (sentiment, pacing, plotting): Sarah stood at the edge of the cliff, the wind whipping her hair around wildly. Tears filled her eyes as she replayed the argument with her best friend in her mind. The harsh words said in the heat of the moment lingered in the air like a thick fog. She clenched her fists, trying to push back the hurt and anger that threatened to consume her.</s>","<|assistant|>Reduced Narrative: Negative, Slow, Conflict Resolving</s>","<|assistant|>Reduced Narrative: Negative, Slow, Conflict Resolving</s>","<|assistant|>Reduced Narrative: Negative, Slow, Conflict Resolving</s>"
"<s><|user|>Reduce Narrative (sentiment, pacing, plotting): Lily stood at the crossroads, her heart torn between two paths. One led to familiarity and security, while the other promised adventure and uncertainty. After much deliberation, she took a deep breath and stepped resolutely onto the unknown path, determined to find her own way in the world.</s>","<|assistant|>Reduced Narrative: Neutral, Moderate, Conflict Resolving</s>","<|assistant|>Reduced Narrative: Neutral, Moderate, Conflict Resolving</s>","<|assistant|>Reduced Narrative: Neutral, Moderate, Conflict Resolving</s>"
"<s><|user|>Reduce Narrative (sentiment, pacing, plotting): The rain pounded on the roof, filling the room with a melancholic soundtrack. Sarah sat by the window, her eyes drawn to the dark clouds looming outside. Each drop seemed to echo the turmoil within her heart, mirroring the storm raging both outside and within her soul.</s>","<|assistant|>Reduced Narrative: Negative, Slow, Conflict Rising</s>","<|assistant|>Reduced Narrative: Negative, Slow, Conflict Rising</s>","<|assistant|>Reduced Narrative: Negative, Slow, Conflict Rising</s>"
"<s><|user|>Reduce Narrative (sentiment, pacing, plotting): The rain poured heavily outside, matching the somber mood within the small cafe. Sarah stared at her empty coffee cup, lost in thoughts of the argument she had with her best friend the night before. She replayed their harsh words over and over in her mind, feeling a mix of regret and stubbornness. Suddenly, the door opened, and in walked her best friend, eyes red from tears shed in solitude. Silence filled the air as they both hesitated, unsure of how to mend the deep rift that had formed between them.</s>","<|assistant|>Reduced Narrative: Negative, Slow, Conflict Resolving</s>","<|assistant|>Reduced Narrative: Negative, Slow, Conflict Resolving</s>","<|assistant|>Reduced Narrative: Negative, Slow, Conflict Resolving</s>"
"<s><|user|>Reduce Narrative (sentiment, pacing, plotting): In the quiet countryside, Sarah carefully tended to her garden, the vibrant colors of the blooming flowers a stark contrast to the looming storm clouds on the horizon. Despite the impending weather, she worked methodically, a sense of determination in her eyes as she refused to let the storm dampen her spirits.</s>","<|assistant|>Reduced Narrative: Positive, Slow, Conflict Rising</s>","<|assistant|>Reduced Narrative: Positive, Slow, Conflict Rising</s>","<|assistant|>Reduced Narrative: Positive, Slow, Conflict Rising</s>"
"<s><|user|>Reduce Narrative (sentiment, pacing, plotting): Sarah's heart raced as she hurried through the bustling city streets, the afternoon sun casting long shadows behind her. She clutched a crumpled letter in her hand, the words inside urging her to reach the old bookstore on Maple Street before sunset. With determination in her eyes, she weaved through the crowds, determined to uncover the mysterious secret the letter hinted at.</s>","<|assistant|>Reduced Narrative: Positive, Fast, Conflict Rising</s>","<|assistant|>Reduced Narrative: Positive, Fast, Conflict Rising</s>","<|assistant|>Reduced Narrative: Positive, Fast, Conflict Rising</s>"
"<s><|user|>Reduce Narrative (sentiment, pacing, plotting): As the sun began its descent, casting a warm golden hue over the tranquil meadow, Emma and Lucas sat by the rippling creek, their laughter filling the serene atmosphere. With each shared moment, their friendship grew deeper, weaving a tapestry of trust and understanding that painted the landscape with hues of companionship.</s>","<|assistant|>Reduced Narrative: Positive, Slow, Conflict Resolving</s>","<|assistant|>Reduced Narrative: Positive, Slow, Conflict Resolving</s>","<|assistant|>Reduced Narrative: Positive, Slow, Conflict Resolving</s>"
"<s><|user|>Reduce Narrative (sentiment, pacing, plotting): Jane rushed into the room, her eyes searching frantically until they found Tom sitting by the window. ""Tom, we need to talk,"" she blurted out, breathless from her hurried entrance.</s>","<|assistant|>Reduced Narrative: Neutral, Fast, Conflict Resolving</s>","<|assistant|>Reduced Narrative: Neutral, Fast, Conflict Resolving</s>","<|assistant|>Reduced Narrative: Neutral, Fast, Conflict Resolving</s>"
"<s><|user|>Reduce Narrative (sentiment, pacing, plotting): Sarah's heart raced as she entered the room, anxious to confront her longtime friend about their argument. However, as soon as she saw the remorse in his eyes, her anger dissipated. They sat down, talked it out, and with understanding smiles, their bond grew stronger than before.</s>","<|assistant|>Reduced Narrative: Positive, Fast, Conflict Resolving</s>","<|assistant|>Reduced Narrative: Positive, Fast, Conflict Resolving</s>","<|assistant|>Reduced Narrative: Positive, Fast, Conflict Resolving</s>"
"<s><|user|>Reduce Narrative (sentiment, pacing, plotting): As Sarah hurried through the bustling city streets, the sun dipped lower on the horizon, casting a warm golden glow over the familiar landmarks. Her phone buzzed in her hand, displaying a message that simply read, ""We need to talk."" With each passing minute, her heart raced faster, her mind buzzing with questions and uncertainties.</s>","<|assistant|>Reduced Narrative: Positive, Fast, Conflict Rising</s>","<|assistant|>Reduced Narrative: Positive, Fast, Conflict Rising</s>","<|assistant|>Reduced Narrative: Positive, Fast, Conflict Rising</s>"
"<s><|user|>Reduce Narrative (sentiment, pacing, plotting): The sun was setting over the calm waters of the lake, casting a golden hue over the small cabin nestled among the trees. Inside, two friends sat by the crackling fireplace, their faces illuminated by the dancing flames. They sipped on steaming mugs of tea, the only sound the occasional pop of burning wood.</s>","<|assistant|>Reduced Narrative: Neutral, Slow, Conflict Rising</s>","<|assistant|>Reduced Narrative: Neutral, Slow, Conflict Rising</s>","<|assistant|>Reduced Narrative: Neutral, Slow, Conflict Rising</s>"
"<s><|user|>Reduce Narrative (sentiment, pacing, plotting): Sarah sprinted through the forest, her heart pounding with adrenaline. The sounds of pursuit echoed behind her, spurring her on. Ducking beneath a low branch, she reached the clearing where her friends awaited. With a triumphant grin, Sarah hoisted the flag high, securing victory in the game of capture the flag.</s>","<|assistant|>Reduced Narrative: Neutral, Fast, Conflict Resolving</s>","<|assistant|>Reduced Narrative: Neutral, Fast, Conflict Resolving</s>","<|assistant|>Reduced Narrative: Neutral, Fast, Conflict Resolving</s>"
"<s><|user|>Reduce Narrative (sentiment, pacing, plotting): As the dark clouds gathered overhead, Sarah felt a sense of unease creeping into her mind. She had a crucial presentation at work tomorrow, and the looming storm mirrored the uncertainty she felt about its outcome. Determined not to let her anxiety get the best of her, she resolved to perfect her slides one last time before heading to bed.</s>","<|assistant|>Reduced Narrative: Neutral, Fast, Conflict Resolving</s>","<|assistant|>Reduced Narrative: Neutral, Fast, Conflict Resolving</s>","<|assistant|>Reduced Narrative: Neutral, Fast, Conflict Resolving</s>"
"<s><|user|>Reduce Narrative (sentiment, pacing, plotting): As the storm clouds gathered in the sky, Sarah and Mark looked at each other with worried expressions. The wind picked up, rustling the leaves ominously. They knew their camping trip was about to take a turn for the worse.</s>","<|assistant|>Reduced Narrative: Negative, Moderate, Conflict Rising</s>","<|assistant|>Reduced Narrative: Negative, Moderate, Conflict Rising</s>","<|assistant|>Reduced Narrative: Negative, Moderate, Conflict Rising</s>"
"<s><|user|>Reduce Narrative (sentiment, pacing, plotting): As the sun began to set, casting long shadows across the rolling hills, Sarah and Mark sat on the porch. The silence between them was heavy, filled with unspoken words that hovered in the cool evening air. Finally, Sarah spoke up, her voice barely more than a whisper, ""I think it's time we talked about what's been happening between us.""</s>","<|assistant|>Reduced Narrative: Negative, Slow, Conflict Resolving</s>","<|assistant|>Reduced Narrative: Negative, Slow, Conflict Resolving</s>","<|assistant|>Reduced Narrative: Negative, Slow, Conflict Resolving</s>"
"<s><|user|>Reduce Narrative (sentiment, pacing, plotting): Sarah stood at the edge of the forest, the sun painting the sky in hues of orange and pink as it dipped towards the horizon. She knew venturing further would lead to the heart of the woods, where rumors whispered of a mystical fountain granting wishes. Determined, Sarah took a deep breath and stepped into the shadows, her heart beating with both excitement and apprehension.</s>","<|assistant|>Reduced Narrative: Positive, Moderate, Conflict Rising</s>","<|assistant|>Reduced Narrative: Positive, Moderate, Conflict Rising</s>","<|assistant|>Reduced Narrative: Positive, Moderate, Conflict Rising</s>"
"<s><|user|>Reduce Narrative (sentiment, pacing, plotting): The air in the room grew heavy with unspoken tension as she quietly slammed the door shut behind her. His eyes, usually warm pools of understanding, now betrayed a flicker of irritation. They both knew the conversation they were about to have would change everything. She took a deep breath, bracing herself for the looming storm of words that were about to pour out.</s>","<|assistant|>Reduced Narrative: Negative, Slow, Conflict Rising</s>","<|assistant|>Reduced Narrative: Negative, Slow, Conflict Rising</s>","<|assistant|>Reduced Narrative: Negative, Slow, Conflict Rising</s>"
"<s><|user|>Reduce Narrative (sentiment, pacing, plotting): Sarah hesitated as she stood at the crossroads, uncertain which path to take. The sun painted the sky with vibrant hues of orange and pink, casting a warm glow that enveloped her. Memories of past doubts and fears flooded her mind, but this time, she felt a newfound sense of clarity. With a deep breath, Sarah chose a direction and started walking, the weight of indecision lifting off her shoulders.</s>","<|assistant|>Reduced Narrative: Positive, Moderate, Conflict Resolving</s>","<|assistant|>Reduced Narrative: Positive, Moderate, Conflict Resolving</s>","<|assistant|>Reduced Narrative: Positive, Moderate, Conflict Resolving</s>"
"<s><|user|>Reduce Narrative (sentiment, pacing, plotting): The rain poured relentlessly outside, creating a rhythmic drumming against the windows. Inside, Sarah sat on the old, worn-out couch, staring emptily at the flickering TV screen. Memories of arguments and cold silences lingered in the air around her, permeating the once warm and cozy living room.</s>","<|assistant|>Reduced Narrative: Negative, Moderate, Conflict Resolving</s>","<|assistant|>Reduced Narrative: Negative, Moderate, Conflict Resolving</s>","<|assistant|>Reduced Narrative: Negative, Moderate, Conflict Resolving</s>"
"<s><|user|>Reduce Narrative (sentiment, pacing, plotting): The dark clouds gathered ominously in the sky, casting a shadow over the small village below. The villagers whispered among themselves, sensing a looming threat in the air. Sarah, a young herbalist known for her wisdom, felt a deep unease settling in her heart as she gazed at the distant mountains shrouded in mist. It was as if the very landscape itself knew of the impending danger that approached.</s>","<|assistant|>Reduced Narrative: Negative, Slow, Conflict Rising</s>","<|assistant|>Reduced Narrative: Negative, Slow, Conflict Rising</s>","<|assistant|>Reduced Narrative: Negative, Slow, Conflict Rising</s>"
"<s><|user|>Reduce Narrative (sentiment, pacing, plotting): Sarah stood at the edge of the forest, her heart pounding as she peered into the darkness. The rustling of leaves and distant howls of wolves created an eerie atmosphere. She gripped the locket around her neck, a gift from her grandmother said to protect its wearer. As she took a hesitant step forward, a faint whisper echoed in the night, sending shivers down her spine.</s>","<|assistant|>Reduced Narrative: Neutral, Moderate, Conflict Rising</s>","<|assistant|>Reduced Narrative: Neutral, Moderate, Conflict Rising</s>","<|assistant|>Reduced Narrative: Neutral, Moderate, Conflict Rising</s>"
"<s><|user|>Reduce Narrative (sentiment, pacing, plotting): As the sun dipped below the horizon, casting a warm glow over the tranquil meadow, Sarah's heart raced with excitement. Tomorrow was the day she would embark on her first solo journey through the enchanted forest that bordered her village. The thought of the unknown creatures and hidden treasures awaiting her filled her with a mix of anticipation and nervous energy.</s>","<|assistant|>Reduced Narrative: Positive, Moderate, Conflict Rising</s>","<|assistant|>Reduced Narrative: Positive, Moderate, Conflict Rising</s>","<|assistant|>Reduced Narrative: Positive, Moderate, Conflict Rising</s>"
"<s><|user|>Reduce Narrative (sentiment, pacing, plotting): Sarah's heart raced as she finally stepped into the crowded auditorium. She looked out at the sea of expectant faces, her hands slightly trembling. As she began to sing, her voice filled the room, capturing the attention of everyone present. The audience fell silent, completely captivated by the power and emotion in her voice. When she finished her last note, the room erupted into thunderous applause, echoing with cheers and whistles.</s>","<|assistant|>Reduced Narrative: Positive, Fast, Conflict Resolving</s>","<|assistant|>Reduced Narrative: Positive, Fast, Conflict Resolving</s>","<|assistant|>Reduced Narrative: Positive, Fast, Conflict Resolving</s>"
"<s><|user|>Reduce Narrative (sentiment, pacing, plotting): Sarah's heart raced as she stood in the doorway, hesitant to knock. She took a deep breath and rapped lightly on the wooden frame. After a few agonizing seconds, the door creaked open, revealing her best friend's beaming face. ""Sarah! You came back!"" Her friend's warm embrace melted away the tension that had been festering for weeks.</s>","<|assistant|>Reduced Narrative: Positive, Fast, Conflict Resolving</s>","<|assistant|>Reduced Narrative: Positive, Fast, Conflict Resolving</s>","<|assistant|>Reduced Narrative: Positive, Fast, Conflict Resolving</s>"
"<s><|user|>Reduce Narrative (sentiment, pacing, plotting): As the sun dipped below the horizon, casting a warm golden glow over the rolling hills, Sarah and Peter sat on the porch swing, hands intertwined. The gentle breeze carried the sweet scent of blooming lilacs, enveloping them in a peaceful moment of tranquility. Sarah broke the silence with a soft smile, ""I'm sorry for the misunderstandings, Peter. Can we try to understand each other better?"" Peter's eyes softened as he nodded, ""I want that too, Sarah. Let's communicate openly from now on.""</s>","<|assistant|>Reduced Narrative: Positive, Slow, Conflict Resolving</s>","<|assistant|>Reduced Narrative: Positive, Slow, Conflict Resolving</s>","<|assistant|>Reduced Narrative: Positive, Slow, Conflict Resolving</s>"
"<s><|user|>Reduce Narrative (sentiment, pacing, plotting): Sarah sat in the dimly lit cafe, nervously tapping her foot as she waited for Liam to arrive. They hadn't seen each other in months, and their last encounter ended in a heated argument. She took a deep breath, preparing herself for whatever was about to unfold, unsure if this meeting would bring closure or chaos.</s>","<|assistant|>Reduced Narrative: Neutral, Moderate, Conflict Rising</s>","<|assistant|>Reduced Narrative: Neutral, Moderate, Conflict Rising</s>","<|assistant|>Reduced Narrative: Neutral, Moderate, Conflict Rising</s>"
"<s><|user|>Reduce Narrative (sentiment, pacing, plotting): As the sun dipped below the horizon, casting a warm glow over the tranquil meadow, Sarah's heart felt heavy. She watched as the last petal fell from the wilting flower in her hand, a symbol of the fading hope she held onto so dearly. Thoughts raced through her mind, wondering how to mend what seemed irreparable.</s>","<|assistant|>Reduced Narrative: Neutral, Moderate, Conflict Rising</s>","<|assistant|>Reduced Narrative: Neutral, Moderate, Conflict Rising</s>","<|assistant|>Reduced Narrative: Neutral, Moderate, Conflict Rising</s>"
"<s><|user|>Reduce Narrative (sentiment, pacing, plotting): Sarah stood at the edge of the cliff, the wind tugging at her hair as she took a deep breath. Her heart raced with excitement and nerves as she prepared to base jump, a dream she had nurtured for years. With a final mental check of her gear, she leaped off the rocky precipice, feeling the sheer thrill of free-falling before her parachute bloomed open above her, carrying her safely down to the ground below.</s>","<|assistant|>Reduced Narrative: Neutral, Fast, Conflict Resolving</s>","<|assistant|>Reduced Narrative: Neutral, Fast, Conflict Resolving</s>","<|assistant|>Reduced Narrative: Neutral, Fast, Conflict Resolving</s>"
"<s><|user|>Reduce Narrative (sentiment, pacing, plotting): As the storm clouds gathered ominously in the sky, Sarah and Tom stood facing each other, their words laced with hurt and frustration. Their relationship had weathered many challenges, but this felt like the breaking point. Sarah's eyes teared up as she whispered, ""I can't do this anymore."" Tom's expression softened, realizing the weight of her words. In that heartbreaking moment, they knew they had to let go to find their own paths.</s>","<|assistant|>Reduced Narrative: Negative, Slow, Conflict Resolving</s>","<|assistant|>Reduced Narrative: Negative, Slow, Conflict Resolving</s>","<|assistant|>Reduced Narrative: Negative, Slow, Conflict Resolving</s>"
"<s><|user|>Reduce Narrative (sentiment, pacing, plotting): Emily's heart raced as she stood at the edge of the forest, unsure of what she might find within its mysterious depths. With a deep breath, she stepped forward, the trees almost seeming to whisper secrets that rustled through the leaves. There was a sense of foreboding, but also an undeniable curiosity pulling her further in.</s>","<|assistant|>Reduced Narrative: Positive, Moderate, Conflict Rising</s>","<|assistant|>Reduced Narrative: Positive, Moderate, Conflict Rising</s>","<|assistant|>Reduced Narrative: Positive, Moderate, Conflict Rising</s>"
"<s><|user|>Reduce Narrative (sentiment, pacing, plotting): Sarah took a deep breath, her heart pounding with excitement as she stood on the edge of the cliff, overlooking the vast expanse of the valley below. The wind tousled her hair, carrying the sounds of chirping birds and rustling leaves. She knew this moment would change everything. With a determined gaze, she spread her arms wide and jumped, feeling a rush of adrenaline as she soared through the air.</s>","<|assistant|>Reduced Narrative: Positive, Moderate, Conflict Rising</s>","<|assistant|>Reduced Narrative: Positive, Moderate, Conflict Rising</s>","<|assistant|>Reduced Narrative: Positive, Moderate, Conflict Rising</s>"
"<s><|user|>Reduce Narrative (sentiment, pacing, plotting): The moon hung low in the night sky, casting eerie shadows across the deserted street. A lone figure stepped out from the darkness, their footsteps echoing in the silence. As they walked, the faint sound of a distant siren caught their attention, a grim reminder of the chaos that lurked just beyond the safety of their current location.</s>","<|assistant|>Reduced Narrative: Negative, Slow, Conflict Rising</s>","<|assistant|>Reduced Narrative: Negative, Slow, Conflict Rising</s>","<|assistant|>Reduced Narrative: Negative, Slow, Conflict Rising</s>"
"<s><|user|>Reduce Narrative (sentiment, pacing, plotting): Sarah's heart raced as she approached the old mansion, knowing that inside, her estranged brother awaited. The door creaked open, and there he stood, a mix of surprise and relief on his face as he saw her. Without a word, they embraced, years of misunderstanding melting away in that moment of silent reconciliation.</s>","<|assistant|>Reduced Narrative: Positive, Moderate, Conflict Resolving</s>","<|assistant|>Reduced Narrative: Positive, Moderate, Conflict Resolving</s>","<|assistant|>Reduced Narrative: Positive, Moderate, Conflict Resolving</s>"
"<s><|user|>Reduce Narrative (sentiment, pacing, plotting): The sky darkened as ominous clouds gathered overhead, casting an eerie shadow over the deserted village. An unspoken tension filled the air, an unresolved conflict lurking beneath the surface. Sarah's footsteps echoed as she cautiously made her way through the narrow streets, the weight of the past heavy on her shoulders. She stopped in front of a dilapidated house, its windows shattered, a haunting reminder of what once was. With a trembling hand, she pushed open the creaking door, steeling herself for the confrontation that awaited her inside.</s>","<|assistant|>Reduced Narrative: Negative, Slow, Conflict Resolving</s>","<|assistant|>Reduced Narrative: Negative, Slow, Conflict Resolving</s>","<|assistant|>Reduced Narrative: Negative, Slow, Conflict Resolving</s>"
"<s><|user|>Reduce Narrative (sentiment, pacing, plotting): A cool breeze rustled the leaves of the ancient oak tree, its branches reaching out to the sky like aged fingers grasping for the sun's warmth. The village below bustled with life, the laughter of children mixing with the clinking of market vendors' wares. Amongst this cheerful chaos, two figures could be seen standing by the well, their voices hushed as if sharing a secret amidst the noisy backdrop.</s>","<|assistant|>Reduced Narrative: Neutral, Slow, Conflict Rising</s>","<|assistant|>Reduced Narrative: Neutral, Slow, Conflict Rising</s>","<|assistant|>Reduced Narrative: Neutral, Slow, Conflict Rising</s>"
"<s><|user|>Reduce Narrative (sentiment, pacing, plotting): As the rain hammered against the window panes, Sarah and Mark sat in silence, their tension palpable in the air. Finally, Sarah broke the quietude, her voice trembling as she voiced her long-held frustrations. Mark listened, his expression softening as he realized the pain he had caused. Slowly, apologies and understanding bridged the gap between them, the storm outside mirroring the storm within their hearts, now slowly subsiding.</s>","<|assistant|>Reduced Narrative: Negative, Moderate, Conflict Resolving</s>","<|assistant|>Reduced Narrative: Negative, Moderate, Conflict Resolving</s>","<|assistant|>Reduced Narrative: Negative, Moderate, Conflict Resolving</s>"
"<s><|user|>Reduce Narrative (sentiment, pacing, plotting): As the sun began its descent, casting a warm glow over the rolling hills, Olivia and Jacob sat on the porch swing, their fingers intertwined. They had come a long way since their disagreement over where to spend the summer vacation. However, the peaceful evening and their shared laughter now seemed to mend the rift between them, paving the way for understanding and compromise.</s>","<|assistant|>Reduced Narrative: Positive, Slow, Conflict Resolving</s>","<|assistant|>Reduced Narrative: Positive, Slow, Conflict Resolving</s>","<|assistant|>Reduced Narrative: Positive, Slow, Conflict Resolving</s>"
"<s><|user|>Reduce Narrative (sentiment, pacing, plotting): As the sun dipped below the horizon, casting hues of orange and pink across the sky, Sarah and Tom sat at the edge of the cliff overlooking the vast ocean below. The gentle sound of waves crashing against the rocks created a serene backdrop for their conversation. Sarah took a deep breath, breaking the comfortable silence that had settled between them for the past few moments.</s>","<|assistant|>Reduced Narrative: Neutral, Slow, Conflict Resolving</s>","<|assistant|>Reduced Narrative: Neutral, Slow, Conflict Resolving</s>","<|assistant|>Reduced Narrative: Neutral, Slow, Conflict Resolving</s>"
"<s><|user|>Reduce Narrative (sentiment, pacing, plotting): Sarah stood in front of the old, weather-beaten house, a box of memories in her hands. With a deep breath, she pushed open the creaking door, memories flooding back. As she wandered through the rooms, emotion welled up inside her, but this time it was different. There was a sense of closure, of acceptance that whispered through the dusty air. She reached the attic, where the light filtered through the small window, illuminating a forgotten painting. Tears welled in her eyes, not of sadness, but of gratitude for everything that led her here.</s>","<|assistant|>Reduced Narrative: Positive, Slow, Conflict Resolving</s>","<|assistant|>Reduced Narrative: Positive, Slow, Conflict Resolving</s>","<|assistant|>Reduced Narrative: Positive, Slow, Conflict Resolving</s>"
"<s><|user|>Reduce Narrative (sentiment, pacing, plotting): In the small village of Greenbrook, the arrival of spring brought with it a flurry of activity. The flowers bloomed in vibrant hues, painting the landscape with nature's brush. Despite the beauty around them, whispers among the villagers hinted at an ancient feud reigniting between the Redwood and Willow families, casting a shadow over the usually peaceful community.</s>","<|assistant|>Reduced Narrative: Positive, Slow, Conflict Rising</s>","<|assistant|>Reduced Narrative: Positive, Slow, Conflict Rising</s>","<|assistant|>Reduced Narrative: Positive, Slow, Conflict Rising</s>"
"<s><|user|>Reduce Narrative (sentiment, pacing, plotting): The wind howled outside, rattling the windows of the old cabin. Inside, Jake and Sarah sat in tense silence, their argument from earlier still lingering in the air like a heavy fog. Sarah finally broke the quiet, her voice sharp with frustration, ""I can't do this anymore, Jake. We can't keep pretending everything's okay when it's clearly not.""</s>","<|assistant|>Reduced Narrative: Negative, Fast, Conflict Rising</s>","<|assistant|>Reduced Narrative: Negative, Fast, Conflict Rising</s>","<|assistant|>Reduced Narrative: Negative, Fast, Conflict Rising</s>"
"<s><|user|>Reduce Narrative (sentiment, pacing, plotting): As the storm clouds gathered overhead, tension crackled in the air between the two siblings. They had been at odds for days, their disagreements escalating with each passing moment. However, a sudden bolt of lightning striking nearby jolted them out of their argument. Fear replaced anger in their eyes as they realized they needed to put aside their differences and work together to seek shelter before the storm unleashed its fury.</s>","<|assistant|>Reduced Narrative: Negative, Fast, Conflict Resolving</s>","<|assistant|>Reduced Narrative: Negative, Fast, Conflict Resolving</s>","<|assistant|>Reduced Narrative: Negative, Fast, Conflict Resolving</s>"
"<s><|user|>Reduce Narrative (sentiment, pacing, plotting): Sarah rushed into the room, her eyes wide with excitement. ""I have fantastic news!"" she exclaimed. Everyone turned to her, curiosity evident on their faces. Sarah took a deep breath, a wide smile spreading on her face as she shared the news of a generous donation that would save their struggling community center from closing down. A wave of relief and joy washed over the room as they realized their beloved center was safe.</s>","<|assistant|>Reduced Narrative: Positive, Fast, Conflict Resolving</s>","<|assistant|>Reduced Narrative: Positive, Fast, Conflict Resolving</s>","<|assistant|>Reduced Narrative: Positive, Fast, Conflict Resolving</s>"
"<s><|user|>Reduce Narrative (sentiment, pacing, plotting): Sarah stood at the edge of the cliff, the wind tugging at her hair as she gazed out at the vast ocean below. She clenched a letter in her hand, the words inside urging her to take a leap of faith. With a deep breath, she unfolded the paper and let the wind carry it away. As the letter disappeared into the horizon, a sense of relief washed over her, replaced by a newfound resolve to embrace the unknown.</s>","<|assistant|>Reduced Narrative: Neutral, Moderate, Conflict Resolving</s>","<|assistant|>Reduced Narrative: Neutral, Moderate, Conflict Resolving</s>","<|assistant|>Reduced Narrative: Neutral, Moderate, Conflict Resolving</s>"
"<s><|user|>Reduce Narrative (sentiment, pacing, plotting): Sarah stood in front of the mirror, her hands trembling as she held the envelope that contained the results of her exam. With a deep breath, she slowly opened it, her heart pounding in her chest. As her eyes scanned the page, relief flooded through her. She had passed, securing her place in the medical school she had dreamed of attending.</s>","<|assistant|>Reduced Narrative: Positive, Moderate, Conflict Resolving</s>","<|assistant|>Reduced Narrative: Positive, Moderate, Conflict Resolving</s>","<|assistant|>Reduced Narrative: Positive, Moderate, Conflict Resolving</s>"
"<s><|user|>Reduce Narrative (sentiment, pacing, plotting): Sarah braced herself as she knocked on the door, her heart pounding. The door creaked open, revealing her estranged sister standing on the other side. Without a word, they locked eyes, years of grievances hanging in the air between them. Slowly, a tentative smile formed on Sarah's sister's lips, and she reached out for an embrace.</s>","<|assistant|>Reduced Narrative: Neutral, Fast, Conflict Resolving</s>","<|assistant|>Reduced Narrative: Neutral, Fast, Conflict Resolving</s>","<|assistant|>Reduced Narrative: Neutral, Fast, Conflict Resolving</s>"
"<s><|user|>Reduce Narrative (sentiment, pacing, plotting): Sarah's heart pounded as she read the letter, the words on the page causing her blood to run cold. The news it contained was enough to shake the foundation of the life she had painstakingly built for years.</s>","<|assistant|>Reduced Narrative: Negative, Fast, Conflict Rising</s>","<|assistant|>Reduced Narrative: Negative, Fast, Conflict Rising</s>","<|assistant|>Reduced Narrative: Negative, Fast, Conflict Rising</s>"
"<s><|user|>Reduce Narrative (sentiment, pacing, plotting): Lily dashed through the crowded marketplace, clutching the precious artifact in her hands. She could hear the distant shouts of the pursuers, but determination fueled her steps as she weaved expertly through the maze of stalls and carts. The sun cast golden rays over the ancient city, adding a sense of urgency to her mission.</s>","<|assistant|>Reduced Narrative: Positive, Fast, Conflict Rising</s>","<|assistant|>Reduced Narrative: Positive, Fast, Conflict Rising</s>","<|assistant|>Reduced Narrative: Positive, Fast, Conflict Rising</s>"
"<s><|user|>Reduce Narrative (sentiment, pacing, plotting): The sun slowly dipped below the horizon, casting a warm, golden glow over the peaceful meadow. A gentle breeze whispered through the trees, carrying with it the sweet scent of wildflowers. As the day faded into twilight, two figures emerged from the edge of the forest, their arms linked in a gesture of newfound camaraderie. Their laughter filled the air, echoing across the tranquil landscape, a stark contrast to the tension that had once divided them.</s>","<|assistant|>Reduced Narrative: Positive, Slow, Conflict Resolving</s>","<|assistant|>Reduced Narrative: Positive, Slow, Conflict Resolving</s>","<|assistant|>Reduced Narrative: Positive, Slow, Conflict Resolving</s>"
"<s><|user|>Reduce Narrative (sentiment, pacing, plotting): As the sun dipped below the horizon, casting a warm glow over the tranquil meadow, Sarah and David finally found the courage to open up about their past misunderstandings. The gentle breeze carried their words with a newfound sense of vulnerability, intertwining their stories like intricate lacework. With each shared revelation, the weight of unspoken grievances lifted, paving the way for a deeper connection to blossom between them.</s>","<|assistant|>Reduced Narrative: Positive, Slow, Conflict Resolving</s>","<|assistant|>Reduced Narrative: Positive, Slow, Conflict Resolving</s>","<|assistant|>Reduced Narrative: Positive, Slow, Conflict Resolving</s>"
"<s><|user|>Reduce Narrative (sentiment, pacing, plotting): The storm clouds looming overhead mirrored the turbulent emotions within Max's heart. As he watched the rain cascade down the window, memories of heated arguments replayed in his mind. He clenched his fists, feeling the weight of unresolved issues hanging heavy in the air.</s>","<|assistant|>Reduced Narrative: Negative, Fast, Conflict Rising</s>","<|assistant|>Reduced Narrative: Negative, Fast, Conflict Rising</s>","<|assistant|>Reduced Narrative: Negative, Fast, Conflict Rising</s>"
"<s><|user|>Reduce Narrative (sentiment, pacing, plotting): Sarah rushed into the room, her heart pounding with anticipation. She found her long-lost brother sitting by the window, staring out at the setting sun. Tears welled up in her eyes as she called out his name. He turned, and in that moment, years of separation dissolved as they ran into each other's arms, finally reunited.</s>","<|assistant|>Reduced Narrative: Neutral, Fast, Conflict Resolving</s>","<|assistant|>Reduced Narrative: Neutral, Fast, Conflict Resolving</s>","<|assistant|>Reduced Narrative: Neutral, Fast, Conflict Resolving</s>"
"<s><|user|>Reduce Narrative (sentiment, pacing, plotting): As the storm clouds loomed ominously overhead, Sarah rushed through the darkened streets, desperately searching for her lost dog. The howling wind echoed her anxious heartbeat, and the rain blurred her vision, adding to the growing sense of dread that gripped her with each passing moment.</s>","<|assistant|>Reduced Narrative: Negative, Fast, Conflict Rising</s>","<|assistant|>Reduced Narrative: Negative, Fast, Conflict Rising</s>","<|assistant|>Reduced Narrative: Negative, Fast, Conflict Rising</s>"
"<s><|user|>Reduce Narrative (sentiment, pacing, plotting): The sun sank below the horizon, casting long shadows across the empty street. Sarah stood at the window, watching the darkness creep in, her heart heavy with worry. She had been avoiding this moment for days, but there was no more hiding. Taking a deep breath, she picked up the phone and dialed the number she had memorized long ago. The ringing felt like an eternity until a voice finally answered on the other end.</s>","<|assistant|>Reduced Narrative: Negative, Slow, Conflict Resolving</s>","<|assistant|>Reduced Narrative: Negative, Slow, Conflict Resolving</s>","<|assistant|>Reduced Narrative: Negative, Slow, Conflict Resolving</s>"
"<s><|user|>Reduce Narrative (sentiment, pacing, plotting): As the sun dipped below the horizon, casting its warm orange glow over the tranquil meadow, Sarah felt a faint tremor of unease prickling at her skin. Shadows elongated, dancing on the grass like mischievous spirits whispering secrets to the evening breeze. She knew she wasn't alone; a lurking presence hovered just beyond the edge of sight, causing her heart to drum a faster rhythm against her ribcage.</s>","<|assistant|>Reduced Narrative: Neutral, Slow, Conflict Rising</s>","<|assistant|>Reduced Narrative: Neutral, Slow, Conflict Rising</s>","<|assistant|>Reduced Narrative: Neutral, Slow, Conflict Rising</s>"
"<s><|user|>Reduce Narrative (sentiment, pacing, plotting): Sarah stood at the edge of the cliff, her heart pounding in her chest. The wind whipped through her hair, carrying the sounds of distant waves crashing against the shore below. She clutched the letter in her hand, the words on the page like a heavy weight on her shoulders. With a deep breath, she stepped forward, letting the paper slip from her fingers and flutter down into the churning ocean.</s>","<|assistant|>Reduced Narrative: Negative, Moderate, Conflict Resolving</s>","<|assistant|>Reduced Narrative: Negative, Moderate, Conflict Resolving</s>","<|assistant|>Reduced Narrative: Negative, Moderate, Conflict Resolving</s>"
"<s><|user|>Reduce Narrative (sentiment, pacing, plotting): The sun dipped below the horizon, casting a warm glow across the tranquil meadow. Emily's heart raced as she approached the old oak tree where she had hidden a mysterious treasure map discovered in her grandmother's attic. With each step, the rustling leaves and the fading light fueled her excitement, igniting a spark of adventure within her soul. As she reached the tree and studied the map under the last rays of daylight, a faint sound of footsteps in the distance hinted at someone else being drawn to the same spot.</s>","<|assistant|>Reduced Narrative: Positive, Fast, Conflict Rising</s>","<|assistant|>Reduced Narrative: Positive, Fast, Conflict Rising</s>","<|assistant|>Reduced Narrative: Positive, Fast, Conflict Rising</s>"
"<s><|user|>Reduce Narrative (sentiment, pacing, plotting): In the dimly lit room, tension hung in the air like a heavy fog. Sarah and Mark sat across from each other, the distance between them feeling insurmountable. Words had been said, wounds had been reopened, and the space between them seemed to widen with each passing moment. Sarah finally broke the silence, her voice barely above a whisper, ""I can't do this anymore, Mark.""</s>","<|assistant|>Reduced Narrative: Negative, Slow, Conflict Resolving</s>","<|assistant|>Reduced Narrative: Negative, Slow, Conflict Resolving</s>","<|assistant|>Reduced Narrative: Negative, Slow, Conflict Resolving</s>"
"<s><|user|>Reduce Narrative (sentiment, pacing, plotting): As the sun peeked over the horizon, casting a warm glow over the meadow, Sarah and John sat down under the old oak tree, their once tense expressions now softening into understanding. Sarah reached out a hand, and John took it, his eyes reflecting a mix of relief and love. The long-standing rift between them was finally beginning to heal, the wounds of the past slowly being soothed by their shared commitment to rebuild their relationship.</s>","<|assistant|>Reduced Narrative: Positive, Moderate, Conflict Resolving</s>","<|assistant|>Reduced Narrative: Positive, Moderate, Conflict Resolving</s>","<|assistant|>Reduced Narrative: Positive, Moderate, Conflict Resolving</s>"
"<s><|user|>Reduce Narrative (sentiment, pacing, plotting): Emily's heart pounded as she peered through the dense foliage, her eyes fixed on the mysterious figure moving stealthily in the moonlit clearing. She knew she was risking everything by getting involved, but the caller's plea for help had stirred something in her that she couldn't ignore. With a deep breath, she stepped forward, her determination overshadowing the fear that gripped her.</s>","<|assistant|>Reduced Narrative: Positive, Moderate, Conflict Rising</s>","<|assistant|>Reduced Narrative: Positive, Moderate, Conflict Rising</s>","<|assistant|>Reduced Narrative: Positive, Moderate, Conflict Rising</s>"
"<s><|user|>Reduce Narrative (sentiment, pacing, plotting): As the sun began its descent, casting a warm orange glow over the horizon, Sarah and Mark sat on the porch swing, a comfortable silence enveloping them. Mark reached out to take Sarah's hand, a small smile playing on his lips. ""I've been meaning to tell you something,"" he started softly, his eyes locking with hers.</s>","<|assistant|>Reduced Narrative: Neutral, Slow, Conflict Resolving</s>","<|assistant|>Reduced Narrative: Neutral, Slow, Conflict Resolving</s>","<|assistant|>Reduced Narrative: Neutral, Slow, Conflict Resolving</s>"
"<s><|user|>Reduce Narrative (sentiment, pacing, plotting): The sky darkened ominously as thunder rumbled in the distance, setting a foreboding tone over the sleepy town of Willow Creek. Sarah hurried down the deserted streets, her heart pounding with fear. She had sensed something twisted lurking in the shadows, following her every step. A sudden gust of wind extinguished the streetlights, plunging her into utter darkness.</s>","<|assistant|>Reduced Narrative: Negative, Moderate, Conflict Rising</s>","<|assistant|>Reduced Narrative: Negative, Moderate, Conflict Rising</s>","<|assistant|>Reduced Narrative: Negative, Moderate, Conflict Rising</s>"
"<s><|user|>Reduce Narrative (sentiment, pacing, plotting): Lily stood at the edge of the cliff, the wind tousling her hair as she gazed over the vast expanse of the ocean below. Memories of her childhood rushed back, overwhelming her with a mix of nostalgia and sadness. She closed her eyes, taking a deep breath, trying to find peace within herself amidst the chaos of emotions.</s>","<|assistant|>Reduced Narrative: Neutral, Moderate, Conflict Resolving</s>","<|assistant|>Reduced Narrative: Neutral, Moderate, Conflict Resolving</s>","<|assistant|>Reduced Narrative: Neutral, Moderate, Conflict Resolving</s>"
"<s><|user|>Reduce Narrative (sentiment, pacing, plotting): Jane's heart raced as she stumbled upon the forgotten diary in the attic, its dusty cover whispering secrets of the past. Each page held snippets of her grandmother's life, unraveling a mystery that had long remained shrouded in family lore.</s>","<|assistant|>Reduced Narrative: Positive, Moderate, Conflict Rising</s>","<|assistant|>Reduced Narrative: Positive, Moderate, Conflict Rising</s>","<|assistant|>Reduced Narrative: Positive, Moderate, Conflict Rising</s>"
"<s><|user|>Reduce Narrative (sentiment, pacing, plotting): The storm clouds gathered ominously on the horizon, casting a shadow over the once vibrant village. The townspeople exchanged worried glances, whispering fearful rumors about the impending darkness that threatened to consume their homes.</s>","<|assistant|>Reduced Narrative: Negative, Moderate, Conflict Rising</s>","<|assistant|>Reduced Narrative: Negative, Moderate, Conflict Rising</s>","<|assistant|>Reduced Narrative: Negative, Moderate, Conflict Rising</s>"
"<s><|user|>Reduce Narrative (sentiment, pacing, plotting): The sun was setting over the vast plains, casting a warm orange hue over the horizon as Sarah and Alex sat down by the campfire. The crackling flames danced to an unknown rhythm, mirroring the quiet laughter between the two friends. They had been on the road for weeks, facing challenges and uncertainties, but in that moment, surrounded by nature's calming embrace, they both knew they found a sense of home within each other's company. As the night unfolded its starry blanket over them, Sarah and Alex shared stories of their past, dreams of the future, and in that bond forged by firelight, they discovered a strength that nothing could shatter.</s>","<|assistant|>Reduced Narrative: Positive, Moderate, Conflict Resolving</s>","<|assistant|>Reduced Narrative: Positive, Moderate, Conflict Resolving</s>","<|assistant|>Reduced Narrative: Positive, Moderate, Conflict Resolving</s>"
"<s><|user|>Reduce Narrative (sentiment, pacing, plotting): The storm clouds loomed menacingly in the sky, casting a dark shadow over the once sunny meadow. The wind howled, bending the trees nearly in half as lightning crackled ominously in the distance. Panic spread among the villagers as they scrambled to secure their homes and livestock before disaster struck. In the midst of the chaos, a lone figure emerged, clad in a worn cloak and carrying a staff that shimmered with ancient power.</s>","<|assistant|>Reduced Narrative: Negative, Fast, Conflict Resolving</s>","<|assistant|>Reduced Narrative: Negative, Fast, Conflict Resolving</s>","<|assistant|>Reduced Narrative: Negative, Fast, Conflict Resolving</s>"
"<s><|user|>Reduce Narrative (sentiment, pacing, plotting): The storm clouds gathered ominously on the horizon, casting long shadows over the peaceful village below. The townsfolk hurriedly boarded up windows and secured their belongings, whispering fearful tales of the approaching tempest.</s>","<|assistant|>Reduced Narrative: Negative, Slow, Conflict Rising</s>","<|assistant|>Reduced Narrative: Negative, Slow, Conflict Rising</s>","<|assistant|>Reduced Narrative: Negative, Slow, Conflict Rising</s>"
"<s><|user|>Reduce Narrative (sentiment, pacing, plotting): As the sun set behind the rugged mountains, Sarah and James sat by the crackling campfire, the flames casting a warm glow on their faces. They had been friends for years, but tonight felt different. James reached for Sarah's hand, and she looked into his eyes, seeing a mix of nervousness and longing. Without a word, he brought her hand to his lips, planting a soft kiss on her skin. In that moment, time seemed to stand still as they both realized the depth of their feelings for each other.</s>","<|assistant|>Reduced Narrative: Positive, Slow, Conflict Resolving</s>","<|assistant|>Reduced Narrative: Positive, Slow, Conflict Resolving</s>","<|assistant|>Reduced Narrative: Positive, Slow, Conflict Resolving</s>"
"<s><|user|>Reduce Narrative (sentiment, pacing, plotting): Sarah stood at the edge of the cliff, the wind tugging at her hair. She glanced back, seeing her friends cheering her on. With a deep breath, she took the leap, feeling the rush of freedom as she soared through the air, overcome with exhilaration at overcoming her fear of heights.</s>","<|assistant|>Reduced Narrative: Positive, Moderate, Conflict Resolving</s>","<|assistant|>Reduced Narrative: Positive, Moderate, Conflict Resolving</s>","<|assistant|>Reduced Narrative: Positive, Moderate, Conflict Resolving</s>"
"<s><|user|>Reduce Narrative (sentiment, pacing, plotting): Sarah stormed into the office, her eyes blazing with anger as she confronted her colleague about the stolen idea presented in the meeting earlier that day. Voices raised, tensions surged higher, creating a palpable air of conflict in the once serene workplace.</s>","<|assistant|>Reduced Narrative: Negative, Fast, Conflict Rising</s>","<|assistant|>Reduced Narrative: Negative, Fast, Conflict Rising</s>","<|assistant|>Reduced Narrative: Negative, Fast, Conflict Rising</s>"
"<s><|user|>Reduce Narrative (sentiment, pacing, plotting): As the sun dipped below the horizon, casting a warm glow over the quiet meadow, Sarah and Mark sat on the old wooden swing, gently swaying back and forth. The tension that had simmered between them for weeks seemed to dissipate with each passing moment. Mark reached out, taking Sarah's hand in his, a reassuring smile spreading across his face. In that serene moment, the weight of misunderstandings and hurtful words faded away, replaced by a newfound sense of understanding and forgiveness.</s>","<|assistant|>Reduced Narrative: Positive, Slow, Conflict Resolving</s>","<|assistant|>Reduced Narrative: Positive, Slow, Conflict Resolving</s>","<|assistant|>Reduced Narrative: Positive, Slow, Conflict Resolving</s>"
"<s><|user|>Reduce Narrative (sentiment, pacing, plotting): The door burst open, revealing a figure silhouetted against the setting sun. ""I found it!"" the words tumbled out, carrying a sense of urgency that captured everyone's attention. Excitement rippled through the room, faces lighting up as the long-searched-for solution seemed within reach.</s>","<|assistant|>Reduced Narrative: Positive, Fast, Conflict Rising</s>","<|assistant|>Reduced Narrative: Positive, Fast, Conflict Rising</s>","<|assistant|>Reduced Narrative: Positive, Fast, Conflict Rising</s>"
"<s><|user|>Reduce Narrative (sentiment, pacing, plotting): The loud roar of the engines filled the air as the racecars sped around the track, each driver intensely focused on gaining the lead. As they approached a sharp turn, one car swerved, causing a chain reaction of chaos behind it. The crowd gasped as tires screeched and metal scraped against metal, creating a symphony of chaos on the racetrack.</s>","<|assistant|>Reduced Narrative: Neutral, Fast, Conflict Rising</s>","<|assistant|>Reduced Narrative: Neutral, Fast, Conflict Rising</s>","<|assistant|>Reduced Narrative: Neutral, Fast, Conflict Rising</s>"
"<s><|user|>Reduce Narrative (sentiment, pacing, plotting): As the sun painted the sky in hues of pink and gold, Olivia stood at the edge of the cliff, taking in the breathtaking view of the vast ocean below. She felt a mix of excitement and nervousness flutter in her chest; today, she was determined to conquer her fear of heights by finally taking the leap and paragliding off the cliff.</s>","<|assistant|>Reduced Narrative: Positive, Moderate, Conflict Rising</s>","<|assistant|>Reduced Narrative: Positive, Moderate, Conflict Rising</s>","<|assistant|>Reduced Narrative: Positive, Moderate, Conflict Rising</s>"
"<s><|user|>Reduce Narrative (sentiment, pacing, plotting): As the sun dipped below the horizon, Emily's heart raced with a mix of excitement and nerves. She stood on the edge of the cliff, the wind tangling her hair, the distant waves crashing against the rocks below. With a deep breath, she took a step forward, ready to take the leap of faith into the unknown.</s>","<|assistant|>Reduced Narrative: Positive, Fast, Conflict Rising</s>","<|assistant|>Reduced Narrative: Positive, Fast, Conflict Rising</s>","<|assistant|>Reduced Narrative: Positive, Fast, Conflict Rising</s>"
"<s><|user|>Reduce Narrative (sentiment, pacing, plotting): Sarah and Tom sat across from each other at the cozy cafe, the tension that had been lingering between them finally dissipating with each shared smile and heartfelt apology. They clinked their coffee mugs together, a silent agreement to move forward and leave the misunderstanding behind them.</s>","<|assistant|>Reduced Narrative: Positive, Fast, Conflict Resolving</s>","<|assistant|>Reduced Narrative: Positive, Fast, Conflict Resolving</s>","<|assistant|>Reduced Narrative: Positive, Fast, Conflict Resolving</s>"
"<s><|user|>Reduce Narrative (sentiment, pacing, plotting): The storm clouds gathered ominously overhead as Sarah hurried through the unfamiliar woods, clutching a worn map that seemed to provide more confusion than guidance. The sound of an approaching howl made her heart race, the eerie cry freezing her steps. She was lost, pursued by unseen dangers, her only ally the determined beat of rain hitting the leaves above.</s>","<|assistant|>Reduced Narrative: Neutral, Fast, Conflict Rising</s>","<|assistant|>Reduced Narrative: Neutral, Fast, Conflict Rising</s>","<|assistant|>Reduced Narrative: Neutral, Fast, Conflict Rising</s>"
"<s><|user|>Reduce Narrative (sentiment, pacing, plotting): Sarah nervously entered the room, her hands trembling as she carried a tray of steaming tea cups. She was about to confront her long-time friend, Emily, about a hurtful secret she had discovered. As Emily turned to face Sarah, a tension hung in the air, waiting to shatter the bond that had once been unbreakable.</s>","<|assistant|>Reduced Narrative: Positive, Moderate, Conflict Rising</s>","<|assistant|>Reduced Narrative: Positive, Moderate, Conflict Rising</s>","<|assistant|>Reduced Narrative: Positive, Moderate, Conflict Rising</s>"
"<s><|user|>Reduce Narrative (sentiment, pacing, plotting): Sarah stood on the edge of the cliff, the wind tousling her hair as she gazed out at the vast ocean stretching endlessly before her. Memories flooded her mind, both happy and painful, intertwining like the waves crashing against the rocks below. She couldn't escape the looming decision she had to make, one that would alter the course of her life forever.</s>","<|assistant|>Reduced Narrative: Neutral, Slow, Conflict Rising</s>","<|assistant|>Reduced Narrative: Neutral, Slow, Conflict Rising</s>","<|assistant|>Reduced Narrative: Neutral, Slow, Conflict Rising</s>"
"<s><|user|>Reduce Narrative (sentiment, pacing, plotting): As the sun dipped below the horizon, Sarah wandered through the tranquil garden, the scent of blooming jasmine filling the air. She was surrounded by the soft rustling of the leaves and the distant chirping of crickets. Lost in her thoughts, she traced the winding path, the moonlight casting a silvery glow on the delicate petals of the flowers.</s>","<|assistant|>Reduced Narrative: Positive, Slow, Conflict Rising</s>","<|assistant|>Reduced Narrative: Positive, Slow, Conflict Rising</s>","<|assistant|>Reduced Narrative: Positive, Slow, Conflict Rising</s>"
"<s><|user|>Reduce Narrative (sentiment, pacing, plotting): Sarah sat on the porch swing, gently swaying back and forth as she watched the sun dip below the horizon. The cool evening breeze brushed against her skin, carrying with it the scent of freshly mown grass. It was one of those rare moments of tranquility amidst the chaos of daily life.</s>","<|assistant|>Reduced Narrative: Neutral, Slow, Conflict Resolving</s>","<|assistant|>Reduced Narrative: Neutral, Slow, Conflict Resolving</s>","<|assistant|>Reduced Narrative: Neutral, Slow, Conflict Resolving</s>"
"<s><|user|>Reduce Narrative (sentiment, pacing, plotting): As the storm raged outside, Sarah faced her husband, her eyes brimming with tears. ""I can't do this anymore, Mark. I'm leaving."" With those words hanging heavily in the air, she swiftly packed a bag, determined to finally break free from the toxic cycle of their relationship.</s>","<|assistant|>Reduced Narrative: Negative, Fast, Conflict Resolving</s>","<|assistant|>Reduced Narrative: Negative, Fast, Conflict Resolving</s>","<|assistant|>Reduced Narrative: Negative, Fast, Conflict Resolving</s>"
"<s><|user|>Reduce Narrative (sentiment, pacing, plotting): As the sun dipped below the horizon, casting hues of orange and pink over the tranquil meadow, Ella and Oliver sat side by side on a weathered wooden bench. The air was filled with the gentle chirping of crickets and the soft rustling of leaves in the breeze, creating a serene ambiance that enveloped them in a comforting embrace. Ella turned to Oliver, her eyes reflecting a sense of contentment that had eluded her for so long. With a smile that lit up her whole face, she whispered, ""Thank you for being by my side through it all.""</s>","<|assistant|>Reduced Narrative: Positive, Slow, Conflict Resolving</s>","<|assistant|>Reduced Narrative: Positive, Slow, Conflict Resolving</s>","<|assistant|>Reduced Narrative: Positive, Slow, Conflict Resolving</s>"
"<s><|user|>Reduce Narrative (sentiment, pacing, plotting): Sarah hurried through the forest, the branches whispering secrets as she passed. Her heart raced with the anticipation of what lay ahead. The sun was setting, casting long shadows across her path. Suddenly, she heard a rustle behind her, causing her to quicken her pace even more.</s>","<|assistant|>Reduced Narrative: Neutral, Fast, Conflict Rising</s>","<|assistant|>Reduced Narrative: Neutral, Fast, Conflict Rising</s>","<|assistant|>Reduced Narrative: Neutral, Fast, Conflict Rising</s>"
"<s><|user|>Reduce Narrative (sentiment, pacing, plotting): Sarah's heart raced as she sprinted through the woods, the sound of branches snapping behind her. She stumbled but forced herself to keep going; her goal was just ahead. The adrenaline pumping through her veins drowned out the fear, pushing her to run faster than she thought possible. Finally, she burst into the clearing, her breath ragged as she faced the looming figure blocking her path.</s>","<|assistant|>Reduced Narrative: Positive, Fast, Conflict Rising</s>","<|assistant|>Reduced Narrative: Positive, Fast, Conflict Rising</s>","<|assistant|>Reduced Narrative: Positive, Fast, Conflict Rising</s>"
"<s><|user|>Reduce Narrative (sentiment, pacing, plotting): Sarah rushed to the hospital, her heart pounding with a mix of nervousness and excitement. She was about to meet her newborn baby sister for the first time. As she stepped into the room, she saw her parents beaming with joy, cradling the tiny bundle of life in their arms. In that moment, any lingering doubts or fears vanished, replaced by a profound sense of love and warmth.</s>","<|assistant|>Reduced Narrative: Positive, Fast, Conflict Resolving</s>","<|assistant|>Reduced Narrative: Positive, Fast, Conflict Resolving</s>","<|assistant|>Reduced Narrative: Positive, Fast, Conflict Resolving</s>"
"<s><|user|>Reduce Narrative (sentiment, pacing, plotting): Sarah dashed through the crowded marketplace, her heart pounding with excitement. She clutched the ancient map tightly in her hand, the key to finding the long-lost treasure hidden in the depths of the nearby enchanted forest. Each step she took brought her closer to solving the mysteries that had baffled adventurers for centuries.</s>","<|assistant|>Reduced Narrative: Positive, Fast, Conflict Rising</s>","<|assistant|>Reduced Narrative: Positive, Fast, Conflict Rising</s>","<|assistant|>Reduced Narrative: Positive, Fast, Conflict Rising</s>"
"<s><|user|>Reduce Narrative (sentiment, pacing, plotting): Sarah stormed into the office, her face a mask of determination. She was tired of being overlooked for promotions while others simply climbed the ladder through patronage. Today, she decided, things would change. With a folder of meticulously prepared reports in hand, she headed straight to the boss's office, ready to stake her claim.</s>","<|assistant|>Reduced Narrative: Neutral, Fast, Conflict Rising</s>","<|assistant|>Reduced Narrative: Neutral, Fast, Conflict Rising</s>","<|assistant|>Reduced Narrative: Neutral, Fast, Conflict Rising</s>"
"<s><|user|>Reduce Narrative (sentiment, pacing, plotting): In the quiet town of Willowbrook, the early morning fog draped over the meadows like a soft, misty blanket. Emma stood at the edge of the forest, her eyes scanning the dense trees for any signs of movement. She could sense an unease in the air, as if the very nature around her held its breath, waiting for something unknown to unfold.</s>","<|assistant|>Reduced Narrative: Positive, Slow, Conflict Rising</s>","<|assistant|>Reduced Narrative: Positive, Slow, Conflict Rising</s>","<|assistant|>Reduced Narrative: Positive, Slow, Conflict Rising</s>"
"<s><|user|>Reduce Narrative (sentiment, pacing, plotting): In the heart of the forest, the tranquility was disrupted by a sudden rustling of leaves. A young explorer, Liam, cautiously peered around, trying to pinpoint the source of the disturbance. As he crept closer, the faint sound of whimpering reached his ears, pulling him deeper into the thick vegetation. With each step, the tension in the air grew palpable, hinting at an unknown challenge awaiting Liam in the shadows.</s>","<|assistant|>Reduced Narrative: Neutral, Moderate, Conflict Rising</s>","<|assistant|>Reduced Narrative: Neutral, Moderate, Conflict Rising</s>","<|assistant|>Reduced Narrative: Neutral, Moderate, Conflict Rising</s>"
"<s><|user|>Reduce Narrative (sentiment, pacing, plotting): Jenny could feel her heart sinking as she read the email from her boss. Her project, which she had poured endless hours into, was being reassigned to a colleague. She felt a surge of frustration and disappointment wash over her, knowing that this decision would not only impact her work but also her reputation within the team.</s>","<|assistant|>Reduced Narrative: Negative, Moderate, Conflict Rising</s>","<|assistant|>Reduced Narrative: Negative, Moderate, Conflict Rising</s>","<|assistant|>Reduced Narrative: Negative, Moderate, Conflict Rising</s>"
"<s><|user|>Reduce Narrative (sentiment, pacing, plotting): Sarah stood at the edge of the cliff, the wind tugging at her hair, staring at the vast expanse of the ocean below. Memories flooded her mind - the laughter, the tears, the shared dreams now shattered. She took a deep breath, closed her eyes, and let go of the anger and resentment that had consumed her for so long. Opening her eyes, she felt a sense of calm wash over her as she whispered, ""I forgive you.""</s>","<|assistant|>Reduced Narrative: Neutral, Fast, Conflict Resolving</s>","<|assistant|>Reduced Narrative: Neutral, Fast, Conflict Resolving</s>","<|assistant|>Reduced Narrative: Neutral, Fast, Conflict Resolving</s>"
"<s><|user|>Reduce Narrative (sentiment, pacing, plotting): Sarah's heart raced as she read the letter in her hand. The words on the page confirmed her suspicions about her best friend's betrayal. Tears welled up in her eyes, mixing with a fierce determination. She knew she had to confront Emma, but how could she face the person who had been like a sister to her for years?</s>","<|assistant|>Reduced Narrative: Positive, Moderate, Conflict Rising</s>","<|assistant|>Reduced Narrative: Positive, Moderate, Conflict Rising</s>","<|assistant|>Reduced Narrative: Positive, Moderate, Conflict Rising</s>"
"<s><|user|>Reduce Narrative (sentiment, pacing, plotting): As the sun dipped below the horizon, casting a warm amber glow over the rolling hills, Sarah found herself standing at the edge of a cliff. The wind gently tousled her hair, carrying the scent of freshly-cut grass. Below, the river sparkled like a ribbon of silver in the fading light. A sense of uncertainty gripped her heart as she contemplated the vast expanse before her.</s>","<|assistant|>Reduced Narrative: Neutral, Slow, Conflict Rising</s>","<|assistant|>Reduced Narrative: Neutral, Slow, Conflict Rising</s>","<|assistant|>Reduced Narrative: Neutral, Slow, Conflict Rising</s>"
"<s><|user|>Reduce Narrative (sentiment, pacing, plotting): As the sun began to set, casting a warm glow over the vast meadow, Jake stood at the edge, watching the tall grass dance in the gentle breeze. His thoughts wandered to the growing tension among his friends on this camping trip. Unspoken words hung heavy in the air, hinting at underlying conflicts that threatened to shatter their bond. Despite the picturesque surroundings, a storm brewed within the group, waiting to break free.</s>","<|assistant|>Reduced Narrative: Neutral, Moderate, Conflict Rising</s>","<|assistant|>Reduced Narrative: Neutral, Moderate, Conflict Rising</s>","<|assistant|>Reduced Narrative: Neutral, Moderate, Conflict Rising</s>"
"<s><|user|>Reduce Narrative (sentiment, pacing, plotting): Sarah took a deep breath as she entered the meeting room, ready to address the ongoing project issues with her team. She started by highlighting the progress made so far and then gently guided the conversation towards finding solutions rather than blaming individuals. Slowly but steadily, the tension that had been building for weeks started to dissipate as ideas flowed freely, and a sense of teamwork filled the room.</s>","<|assistant|>Reduced Narrative: Positive, Moderate, Conflict Resolving</s>","<|assistant|>Reduced Narrative: Positive, Moderate, Conflict Resolving</s>","<|assistant|>Reduced Narrative: Positive, Moderate, Conflict Resolving</s>"
"<s><|user|>Reduce Narrative (sentiment, pacing, plotting): In the small village of Willowbrook, the annual Harvest Festival was quickly approaching. The excitement in the air was palpable; families worked together to decorate the town square with colorful banners and lanterns, while the aroma of freshly baked pies wafted through the streets. Everyone seemed busy but content, looking forward to the upcoming festivities that would unite the community once again.</s>","<|assistant|>Reduced Narrative: Neutral, Moderate, Conflict Resolving</s>","<|assistant|>Reduced Narrative: Neutral, Moderate, Conflict Resolving</s>","<|assistant|>Reduced Narrative: Neutral, Moderate, Conflict Resolving</s>"
"<s><|user|>Reduce Narrative (sentiment, pacing, plotting): The storm clouds gathered ominously on the horizon, casting a dark shadow over the small coastal town. The villagers whispered in fear, their voices filled with apprehension about the legends of the ancient sea creature that was said to rise with the tempest. As the wind picked up and the waves grew restless, the sense of impending danger loomed large.</s>","<|assistant|>Reduced Narrative: Negative, Moderate, Conflict Rising</s>","<|assistant|>Reduced Narrative: Negative, Moderate, Conflict Rising</s>","<|assistant|>Reduced Narrative: Negative, Moderate, Conflict Rising</s>"
"<s><|user|>Reduce Narrative (sentiment, pacing, plotting): The sun dipped below the horizon, casting a warm glow across the tranquil lake. Sarah sat on the dock, her feet skimming the water as she gazed out at the reflections of the trees. In the distance, a loon called out, its haunting cry echoing through the still evening air. Sarah closed her eyes, feeling at peace for the first time in weeks. The weight that had been pressing on her heart seemed to lift, carried away by the gentle breeze that rustled the leaves above her head. She knew that healing took time, but in that moment, surrounded by the beauty of nature, she felt a glimmer of hope begin to bloom within her.</s>","<|assistant|>Reduced Narrative: Neutral, Slow, Conflict Resolving</s>","<|assistant|>Reduced Narrative: Neutral, Slow, Conflict Resolving</s>","<|assistant|>Reduced Narrative: Neutral, Slow, Conflict Resolving</s>"
"<s><|user|>Reduce Narrative (sentiment, pacing, plotting): Sarah hastily packed her bag, her heart racing with anticipation. She was about to confront her longtime friend about a misunderstanding that had created a rift between them. As she walked towards their meeting spot, she rehearsed her words, prepared to finally put an end to the confusion.</s>","<|assistant|>Reduced Narrative: Neutral, Fast, Conflict Rising</s>","<|assistant|>Reduced Narrative: Neutral, Fast, Conflict Rising</s>","<|assistant|>Reduced Narrative: Neutral, Fast, Conflict Rising</s>"
"<s><|user|>Reduce Narrative (sentiment, pacing, plotting): Sarah took a deep breath as she stood in front of the old, rundown house. For years, the place had haunted her dreams with memories she wanted to forget. However, today was different. With a determined look in her eyes, she opened the creaky gate and walked towards the front door. As she stepped inside, a wave of nostalgia washed over her, but this time, instead of fear, she felt a sense of calmness and acceptance.</s>","<|assistant|>Reduced Narrative: Positive, Moderate, Conflict Resolving</s>","<|assistant|>Reduced Narrative: Positive, Moderate, Conflict Resolving</s>","<|assistant|>Reduced Narrative: Positive, Moderate, Conflict Resolving</s>"
"<s><|user|>Reduce Narrative (sentiment, pacing, plotting): Sarah burst through the doors of the old library, the ancient books filled with secrets whispering to her as she desperately searched for the hidden scroll that could break the curse on her family.</s>","<|assistant|>Reduced Narrative: Neutral, Fast, Conflict Resolving</s>","<|assistant|>Reduced Narrative: Neutral, Fast, Conflict Resolving</s>","<|assistant|>Reduced Narrative: Neutral, Fast, Conflict Resolving</s>"
"<s><|user|>Reduce Narrative (sentiment, pacing, plotting): The dark shadows whispered ominous secrets as Emma hurried through the deserted alley, her heart pounding with fear. Just as she thought she could finally breathe a sigh of relief, a figure emerged from the murky darkness, blocking her path with a sinister smile.</s>","<|assistant|>Reduced Narrative: Negative, Fast, Conflict Rising</s>","<|assistant|>Reduced Narrative: Negative, Fast, Conflict Rising</s>","<|assistant|>Reduced Narrative: Negative, Fast, Conflict Rising</s>"
"<s><|user|>Reduce Narrative (sentiment, pacing, plotting): Sarah hurried through the bustling streets, clutching a bouquet of vibrant flowers. She weaved through the crowd until she reached the hospital entrance. Rushing to the maternity ward, she saw her best friend, Emily, tear-streaked but radiant, cradling a tiny newborn in her arms. The newborn's wails filled the room, blending with Emily's joyful sobs.</s>","<|assistant|>Reduced Narrative: Positive, Fast, Conflict Resolving</s>","<|assistant|>Reduced Narrative: Positive, Fast, Conflict Resolving</s>","<|assistant|>Reduced Narrative: Positive, Fast, Conflict Resolving</s>"
"<s><|user|>Reduce Narrative (sentiment, pacing, plotting): As the storm clouds gathered ominously overhead, Sarah felt a knot of fear twist in her stomach. She had to find a way to reach her stranded family on the other side of the river before the torrential rain hit and the waters surged. With each passing minute, the bridge seemed farther away, and time was slipping through her fingers like slippery eels.</s>","<|assistant|>Reduced Narrative: Negative, Fast, Conflict Rising</s>","<|assistant|>Reduced Narrative: Negative, Fast, Conflict Rising</s>","<|assistant|>Reduced Narrative: Negative, Fast, Conflict Rising</s>"
"<s><|user|>Reduce Narrative (sentiment, pacing, plotting): As the sun dipped below the horizon, casting a golden hue over the rolling hills, Emily found herself staring at the letter in her hands. The words on the paper seemed to blur together, a mix of sorrow and determination filling her heart. Tomorrow, she would have to confront the past she had long tried to bury.</s>","<|assistant|>Reduced Narrative: Neutral, Moderate, Conflict Rising</s>","<|assistant|>Reduced Narrative: Neutral, Moderate, Conflict Rising</s>","<|assistant|>Reduced Narrative: Neutral, Moderate, Conflict Rising</s>"
"<s><|user|>Reduce Narrative (sentiment, pacing, plotting): Sarah stood nervously in front of the old house, unsure of what to expect when she knocked on the weathered door. She took a deep breath, gathered her courage, and rapped on the wood. After a moment that felt like an eternity, the door creaked open, revealing a kind-looking elderly woman who smiled warmly at Sarah.</s>","<|assistant|>Reduced Narrative: Neutral, Moderate, Conflict Resolving</s>","<|assistant|>Reduced Narrative: Neutral, Moderate, Conflict Resolving</s>","<|assistant|>Reduced Narrative: Neutral, Moderate, Conflict Resolving</s>"
"<s><|user|>Reduce Narrative (sentiment, pacing, plotting): The storm outside raged on, its wrath embodied in the howling wind that battered against the windows. Inside, two siblings, Lily and Alex, faced each other in heated argument. Tears streamed down Lily's face as Alex stood firm, his voice sharp with accusation. ""You always make everything about you!"" he shouted, his words like daggers in the tense room. Lily, usually calm, couldn't contain her frustration anymore. ""You never listen to me!"" she retaliated, her own pain evident in her trembling voice. The clash of emotions seemed to mirror the storm outside, both forces escalating with no end in sight.</s>","<|assistant|>Reduced Narrative: Negative, Fast, Conflict Resolving</s>","<|assistant|>Reduced Narrative: Negative, Fast, Conflict Resolving</s>","<|assistant|>Reduced Narrative: Negative, Fast, Conflict Resolving</s>"
"<s><|user|>Reduce Narrative (sentiment, pacing, plotting): The room fell into an uneasy silence as Sarah's words hung in the air. Her sister, Emily, stared at her with a mix of hurt and anger reflected in her eyes. Sarah felt a knot tighten in her stomach, regretting the harshness of her words. After a moment, Emily took a deep breath, her expression softening. ""I never knew you felt that way,"" she whispered, breaking the tension that had gripped them moments before.</s>","<|assistant|>Reduced Narrative: Negative, Moderate, Conflict Resolving</s>","<|assistant|>Reduced Narrative: Negative, Moderate, Conflict Resolving</s>","<|assistant|>Reduced Narrative: Negative, Moderate, Conflict Resolving</s>"
"<s><|user|>Reduce Narrative (sentiment, pacing, plotting): Maya sat on the bench in the park, her eyes fixed on the colorful leaves fluttering down from the trees. Next to her, Jake lay sprawled out on the grass, his laughter filling the crisp fall air. They had been friends since childhood, but lately, things had felt different. As they watched a group of kids playing tag, Maya finally turned to Jake, her heart pounding with nervousness.</s>","<|assistant|>Reduced Narrative: Positive, Moderate, Conflict Resolving</s>","<|assistant|>Reduced Narrative: Positive, Moderate, Conflict Resolving</s>","<|assistant|>Reduced Narrative: Positive, Moderate, Conflict Resolving</s>"
"<s><|user|>Reduce Narrative (sentiment, pacing, plotting): The bright sun slowly dipped below the horizon, casting a warm glow over the small town. As the day came to a close, a young man stood on the edge of a cliff, letting the gentle breeze rustle his hair. Memories of the past flooded his mind, but there was a sense of peace in the air.</s>","<|assistant|>Reduced Narrative: Neutral, Fast, Conflict Resolving</s>","<|assistant|>Reduced Narrative: Neutral, Fast, Conflict Resolving</s>","<|assistant|>Reduced Narrative: Neutral, Fast, Conflict Resolving</s>"
"<s><|user|>Reduce Narrative (sentiment, pacing, plotting): As the storm clouds gathered ominously in the darkening sky, Sarah and Luke stood facing each other, their voices barely above a whisper. ""I can't do this anymore, Luke,"" Sarah's words quivered with unshed tears. Luke reached out a trembling hand, his eyes betraying the pain he felt. ""I know, Sarah. I never meant for things to end up like this.""</s>","<|assistant|>Reduced Narrative: Negative, Slow, Conflict Resolving</s>","<|assistant|>Reduced Narrative: Negative, Slow, Conflict Resolving</s>","<|assistant|>Reduced Narrative: Negative, Slow, Conflict Resolving</s>"
"<s><|user|>Reduce Narrative (sentiment, pacing, plotting): Sarah stood in the kitchen, a warm breeze flowing through the open window. She carefully stirred the pot of soup on the stove, a smile playing on her lips. The aroma of herbs and vegetables filled the room, a comforting scent that reminded her of lazy weekends spent cooking with her grandmother. As the soup simmered, Sarah thought back to the argument she had with her best friend yesterday. They had exchanged harsh words, both feeling hurt and misunderstood. But today, Sarah decided it was time to mend their friendship. She picked up the phone, took a deep breath, and dialed her friend's number.</s>","<|assistant|>Reduced Narrative: Positive, Moderate, Conflict Resolving</s>","<|assistant|>Reduced Narrative: Positive, Moderate, Conflict Resolving</s>","<|assistant|>Reduced Narrative: Positive, Moderate, Conflict Resolving</s>"
"<s><|user|>Reduce Narrative (sentiment, pacing, plotting): As they walked through the sun-dappled forest, the long-forgotten memories started to resurface. The crunch of leaves under their feet echoed through the silent woods, a sound that seemed both comforting and haunting. The old oak tree, standing tall and proud, served as a silent witness to their shared past. Finally, as they reached the calm river flowing gently nearby, they both realized it was time to confront the truth that had kept them apart for so long.</s>","<|assistant|>Reduced Narrative: Neutral, Slow, Conflict Resolving</s>","<|assistant|>Reduced Narrative: Neutral, Slow, Conflict Resolving</s>","<|assistant|>Reduced Narrative: Neutral, Slow, Conflict Resolving</s>"
"<s><|user|>Reduce Narrative (sentiment, pacing, plotting): Sarah gazed out into the vast ocean, the gentle sound of waves breaking against the shore filling her ears. The sun was setting, painting the sky in a hue of orange and pink, casting a soft glow over everything. She couldn't help but feel a sense of melancholy creeping in, a longing for something she couldn't quite grasp.</s>","<|assistant|>Reduced Narrative: Neutral, Slow, Conflict Rising</s>","<|assistant|>Reduced Narrative: Neutral, Slow, Conflict Rising</s>","<|assistant|>Reduced Narrative: Neutral, Slow, Conflict Rising</s>"
"<s><|user|>Reduce Narrative (sentiment, pacing, plotting): In the misty forest, the old oak tree swayed gently in the breeze, its leaves whispering secrets of ancient times. A young wanderer, hood pulled tight against the chill, stepped cautiously on the moss-covered trail. His eyes searched the shadows as a distant howl pierced the stillness, sending shivers down his spine. The path ahead was uncertain, but the flicker of bravery in his heart pushed him forward into the unknown.</s>","<|assistant|>Reduced Narrative: Positive, Slow, Conflict Rising</s>","<|assistant|>Reduced Narrative: Positive, Slow, Conflict Rising</s>","<|assistant|>Reduced Narrative: Positive, Slow, Conflict Rising</s>"
"<s><|user|>Reduce Narrative (sentiment, pacing, plotting): Amidst the bustling city streets, Sarah's heart raced as she dashed towards the airport gate, her flight about to depart. As she reached the security checkpoint, she realized her passport was missing, panic setting in.</s>","<|assistant|>Reduced Narrative: Positive, Fast, Conflict Rising</s>","<|assistant|>Reduced Narrative: Positive, Fast, Conflict Rising</s>","<|assistant|>Reduced Narrative: Positive, Fast, Conflict Rising</s>"
"<s><|user|>Reduce Narrative (sentiment, pacing, plotting): As the storm clouds gathered ominously in the sky, tension simmered between the two old friends. Emily's jaw tightened, her eyes flashing with suppressed anger. David tried to break the icy silence that had settled between them, but his words seemed to only fuel the growing resentment. The air crackled with unspoken words, the calm before the storm that was about to engulf their once unbreakable bond.</s>","<|assistant|>Reduced Narrative: Negative, Slow, Conflict Rising</s>","<|assistant|>Reduced Narrative: Negative, Slow, Conflict Rising</s>","<|assistant|>Reduced Narrative: Negative, Slow, Conflict Rising</s>"
"<s><|user|>Reduce Narrative (sentiment, pacing, plotting): Lily raced through the bustling streets, her heart pounding with excitement. She had just discovered a hidden clue that could lead to the legendary treasure she had been searching for all her life. As she turned a corner, she collided with a mysterious figure, sending them both tumbling to the ground.</s>","<|assistant|>Reduced Narrative: Positive, Fast, Conflict Rising</s>","<|assistant|>Reduced Narrative: Positive, Fast, Conflict Rising</s>","<|assistant|>Reduced Narrative: Positive, Fast, Conflict Rising</s>"
"<s><|user|>Reduce Narrative (sentiment, pacing, plotting): The heavy rain poured relentlessly outside, mirroring the turmoil inside Sarah's heart. She had always believed in second chances, but each time she looked at him, the wounds of deceit reopened. His apology seemed hollow, and she struggled with the choice between forgiveness and self-preservation.</s>","<|assistant|>Reduced Narrative: Negative, Slow, Conflict Rising</s>","<|assistant|>Reduced Narrative: Negative, Slow, Conflict Rising</s>","<|assistant|>Reduced Narrative: Negative, Slow, Conflict Rising</s>"
"<s><|user|>Reduce Narrative (sentiment, pacing, plotting): As the sun began to set behind the mountains, Sarah and David sat on the porch swing, sipping hot cocoa in comfortable silence. The tension that had lingered between them for weeks seemed to dissolve with each passing moment, as they watched the colors of the sky change from vibrant orange to soft shades of pink and purple. Sarah finally broke the silence, her voice filled with warmth and understanding, ""I'm sorry for what I said before. I never meant to hurt you."" David smiled, his eyes reflecting the fading light, ""I know, and I'm sorry too. Let's leave it all behind us and start anew, okay?"" They reached for each other's hands, a silent promise of forgiveness and a fresh beginning.</s>","<|assistant|>Reduced Narrative: Positive, Slow, Conflict Resolving</s>","<|assistant|>Reduced Narrative: Positive, Slow, Conflict Resolving</s>","<|assistant|>Reduced Narrative: Positive, Slow, Conflict Resolving</s>"
"<s><|user|>Reduce Narrative (sentiment, pacing, plotting): As the sun set behind the jagged peaks, casting a golden hue over the serene meadow, Sarah and Ethan sat on a weathered wooden bench, their silence speaking volumes. Sarah twirled a daisy absentmindedly between her fingers, while Ethan stared off into the distance, his brow furrowed in deep thought. The gentle rustle of leaves in the breeze was the only sound between them, a stark contrast to the turmoil brewing within.</s>","<|assistant|>Reduced Narrative: Neutral, Slow, Conflict Rising</s>","<|assistant|>Reduced Narrative: Neutral, Slow, Conflict Rising</s>","<|assistant|>Reduced Narrative: Neutral, Slow, Conflict Rising</s>"
"<s><|user|>Reduce Narrative (sentiment, pacing, plotting): Sarah walked along the cobbled streets, the afternoon sun warming her face. She stopped in front of a quaint bookstore that she hadn't noticed before. Curious, she pushed the door open and was greeted by the soft scent of old books and a gentle hum of a classical melody playing in the background. As she browsed the shelves, her fingers trailing over worn spines, she felt a sense of peace wash over her, leaving behind the worries that had burdened her for weeks.</s>","<|assistant|>Reduced Narrative: Neutral, Slow, Conflict Resolving</s>","<|assistant|>Reduced Narrative: Neutral, Slow, Conflict Resolving</s>","<|assistant|>Reduced Narrative: Neutral, Slow, Conflict Resolving</s>"
"<s><|user|>Reduce Narrative (sentiment, pacing, plotting): As the sun dipped below the horizon, casting hues of orange and pink across the sky, Emily strolled along the cobbled path, the faint scent of lilacs hanging in the air. She couldn't shake off the unease gnawing at her, a sense that things were about to change in ways she couldn't foresee. Each step felt heavier, burdened with the weight of the unknown.</s>","<|assistant|>Reduced Narrative: Positive, Slow, Conflict Rising</s>","<|assistant|>Reduced Narrative: Positive, Slow, Conflict Rising</s>","<|assistant|>Reduced Narrative: Positive, Slow, Conflict Rising</s>"
"<s><|user|>Reduce Narrative (sentiment, pacing, plotting): In the quiet town of Willow Creek, whispers filled the air like the gentle rustling of leaves in the wind. Sarah stood by the old oak tree, watching as her best friend, Emily, walked hand in hand with the newcomer, Ethan. A sense of unease crept over Sarah as she noticed the way Emily's laughter seemed a little too bright, a little too forced.</s>","<|assistant|>Reduced Narrative: Neutral, Slow, Conflict Rising</s>","<|assistant|>Reduced Narrative: Neutral, Slow, Conflict Rising</s>","<|assistant|>Reduced Narrative: Neutral, Slow, Conflict Rising</s>"
"<s><|user|>Reduce Narrative (sentiment, pacing, plotting): Sarah and David stood face to face, the tension crackling between them like electricity. After months of misunderstandings and arguments, they both took a deep breath, ready to finally lay their conflicts to rest.</s>","<|assistant|>Reduced Narrative: Neutral, Fast, Conflict Resolving</s>","<|assistant|>Reduced Narrative: Neutral, Fast, Conflict Resolving</s>","<|assistant|>Reduced Narrative: Neutral, Fast, Conflict Resolving</s>"
"<s><|user|>Reduce Narrative (sentiment, pacing, plotting): Lightning crackled across the sky as Mara sprinted through the dark, narrow alleyways of the city. Her breath came in sharp gasps, the cold air biting at her lungs. Behind her, the sound of heavy boots thudding against the cobblestones grew louder, a relentless reminder of the danger on her tail. She risked a glance over her shoulder, catching a glimpse of shadowy figures weaving through the darkness, their intentions as ominous as the storm overhead. With a burst of adrenaline, Mara pushed herself harder, knowing that her life depended on the speed of her legs and the quickness of her wits.</s>","<|assistant|>Reduced Narrative: Negative, Fast, Conflict Rising</s>","<|assistant|>Reduced Narrative: Negative, Fast, Conflict Rising</s>","<|assistant|>Reduced Narrative: Negative, Fast, Conflict Rising</s>"
